{
  "usingCustomJavaPath": false,
  "firstTimeRun": true,
  "addedPacks": [],
  "ignoreOneDriveWarning": false,
  "ignoreProgramFilesWarning": false,
  "ignoreJavaOptionsWarning": false,
  "seenCurseForgeProjectDistributionDialog": false,
  "rememberWindowSizePosition": false,
  "consoleSize": {
    "width": 650,
    "height": 400
  },
  "consolePosition": {
    "x": 0,
    "y": 0
  },
  "launcherSize": {
    "width": 1200,
    "height": 700
  },
  "theme": "com.atlauncher.themes.Dark",
  "dateFormat": "dd/MM/yyyy",
  "instanceTitleFormat": "%1$s (%2$s %3$s)",
  "defaultInstanceSorting": "BY_NAME",
  "selectedTabOnStartup": 3,
  "keepLauncherOpen": true,
  "enableConsole": true,
  "enableTrayMenu": true,
  "enableDiscordIntegration": true,
  "enableFeralGamemode": false,
  "disableAddModRestrictions": false,
  "disableCustomFonts": false,
  "useNativeFilePicker": false,
  "useRecycleBin": true,
  "defaultModPlatform": "CurseForge",
  "addModRestriction": "STRICT",
  "enableAddedModsByDefault": true,
  "dontCheckModsOnCurseForge": false,
  "dontCheckModsOnModrinth": false,
  "defaultExportFormat": "CURSEFORGE_AND_MODRINTH",
  "initialMemory": 512,
  "maximumMemory": 3550,
  "metaspace": 256,
  "windowWidth": 854,
  "windowHeight": 480,
  "maximiseMinecraft": false,
  "ignoreJavaOnInstanceLaunch": false,
  "useJavaProvidedByMinecraft": true,
  "disableLegacyLaunching": false,
  "useSystemGlfw": false,
  "useSystemOpenAl": false,
  "concurrentConnections": 8,
  "connectionTimeout": 30,
  "dontUseHttp2": false,
  "enableProxy": false,
  "proxyHost": "",
  "proxyPort": 8080,
  "proxyType": "HTTP",
  "forgeLoggingLevel": "INFO",
  "enableLogs": true,
  "enableAutomaticBackupAfterLaunch": false,
  "backupMode": "NORMAL",
  "enableCommands": false,
  "hasFixedSelectedTabOnStartup_3_4_13_5": true
}